asd,12,12




1,lp,3



































1,lp,3































asd,12,asd































asd,12,12































asd,12,12































pasd,12,12































1,asd,3































































1,asd,3







